Mouse,Time,Binding,Vaccine Scheme
1,7,0.016577,1wk Exp-inc Prime/Bolus Boost Day 21
1,14,10.4716,1wk Exp-inc Prime/Bolus Boost Day 21
1,21,8.825876,1wk Exp-inc Prime/Bolus Boost Day 21
1,28,56.63966,1wk Exp-inc Prime/Bolus Boost Day 21
1,35,77.85953,1wk Exp-inc Prime/Bolus Boost Day 21
1,42,89.49092,1wk Exp-inc Prime/Bolus Boost Day 21
1,49,84.68372,1wk Exp-inc Prime/Bolus Boost Day 21
1,56,52.14862,1wk Exp-inc Prime/Bolus Boost Day 21
1,63,92.5013,1wk Exp-inc Prime/Bolus Boost Day 21
1,70,128.0774,1wk Exp-inc Prime/Bolus Boost Day 21
1,77,80.24887,1wk Exp-inc Prime/Bolus Boost Day 21
1,84,79.37682,1wk Exp-inc Prime/Bolus Boost Day 21
1,125,51.6893,1wk Exp-inc Prime/Bolus Boost Day 21
1,139,29.7263,1wk Exp-inc Prime/Bolus Boost Day 21
2,7,0.037463,1wk Exp-inc Prime/Bolus Boost Day 21
2,14,3.005803,1wk Exp-inc Prime/Bolus Boost Day 21
2,21,2.991009,1wk Exp-inc Prime/Bolus Boost Day 21
2,28,12.01145,1wk Exp-inc Prime/Bolus Boost Day 21
2,35,12.03274,1wk Exp-inc Prime/Bolus Boost Day 21
2,42,8.744988,1wk Exp-inc Prime/Bolus Boost Day 21
2,49,9.632133,1wk Exp-inc Prime/Bolus Boost Day 21
2,56,9.12144,1wk Exp-inc Prime/Bolus Boost Day 21
2,63,9.796851,1wk Exp-inc Prime/Bolus Boost Day 21
2,70,10.82445,1wk Exp-inc Prime/Bolus Boost Day 21
2,77,10.79922,1wk Exp-inc Prime/Bolus Boost Day 21
2,84,9.081924,1wk Exp-inc Prime/Bolus Boost Day 21
2,125,10.89659,1wk Exp-inc Prime/Bolus Boost Day 21
2,139,6.978771,1wk Exp-inc Prime/Bolus Boost Day 21
3,7,0.082242,1wk Exp-inc Prime/Bolus Boost Day 21
3,14,9.998143,1wk Exp-inc Prime/Bolus Boost Day 21
3,21,3.438225,1wk Exp-inc Prime/Bolus Boost Day 21
3,28,13.66212,1wk Exp-inc Prime/Bolus Boost Day 21
3,35,11.3532,1wk Exp-inc Prime/Bolus Boost Day 21
3,42,11.84923,1wk Exp-inc Prime/Bolus Boost Day 21
3,49,7.585487,1wk Exp-inc Prime/Bolus Boost Day 21
3,56,8.667974,1wk Exp-inc Prime/Bolus Boost Day 21
3,63,9.480724,1wk Exp-inc Prime/Bolus Boost Day 21
3,70,8.141675,1wk Exp-inc Prime/Bolus Boost Day 21
3,77,7.432139,1wk Exp-inc Prime/Bolus Boost Day 21
3,84,5.680658,1wk Exp-inc Prime/Bolus Boost Day 21
3,125,5.432451,1wk Exp-inc Prime/Bolus Boost Day 21
3,139,6.371856,1wk Exp-inc Prime/Bolus Boost Day 21
4,7,0.038904,1wk Exp-inc Prime/Bolus Boost Day 21
4,14,6.239514,1wk Exp-inc Prime/Bolus Boost Day 21
4,21,4.536165,1wk Exp-inc Prime/Bolus Boost Day 21
4,28,29.14868,1wk Exp-inc Prime/Bolus Boost Day 21
4,35,20.97675,1wk Exp-inc Prime/Bolus Boost Day 21
4,42,23.4358,1wk Exp-inc Prime/Bolus Boost Day 21
4,49,24.03637,1wk Exp-inc Prime/Bolus Boost Day 21
4,56,23.20534,1wk Exp-inc Prime/Bolus Boost Day 21
4,63,21.41085,1wk Exp-inc Prime/Bolus Boost Day 21
4,70,25.69408,1wk Exp-inc Prime/Bolus Boost Day 21
4,77,21.52785,1wk Exp-inc Prime/Bolus Boost Day 21
4,84,19.85561,1wk Exp-inc Prime/Bolus Boost Day 21
4,125,12.63113,1wk Exp-inc Prime/Bolus Boost Day 21
4,139,10.364,1wk Exp-inc Prime/Bolus Boost Day 21
5,7,0.023394,1wk Exp-inc Prime/Bolus Boost Day 21
5,14,8.122602,1wk Exp-inc Prime/Bolus Boost Day 21
5,21,3.983698,1wk Exp-inc Prime/Bolus Boost Day 21
5,28,33.33221,1wk Exp-inc Prime/Bolus Boost Day 21
5,35,37.60399,1wk Exp-inc Prime/Bolus Boost Day 21
5,42,42.3504,1wk Exp-inc Prime/Bolus Boost Day 21
5,49,31.85523,1wk Exp-inc Prime/Bolus Boost Day 21
5,56,14.74326,1wk Exp-inc Prime/Bolus Boost Day 21
5,63,36.95768,1wk Exp-inc Prime/Bolus Boost Day 21
5,70,46.45653,1wk Exp-inc Prime/Bolus Boost Day 21
5,77,32.75071,1wk Exp-inc Prime/Bolus Boost Day 21
5,84,26.96649,1wk Exp-inc Prime/Bolus Boost Day 21
5,125,16.99425,1wk Exp-inc Prime/Bolus Boost Day 21
5,139,13.3676,1wk Exp-inc Prime/Bolus Boost Day 21
6,7,0.223733,1wk Exp-dec Prime/Bolus Boost Day 21
6,14,1.299696,1wk Exp-dec Prime/Bolus Boost Day 21
6,21,1.171285,1wk Exp-dec Prime/Bolus Boost Day 21
6,28,11.09144,1wk Exp-dec Prime/Bolus Boost Day 21
6,35,14.07505,1wk Exp-dec Prime/Bolus Boost Day 21
6,42,13.20137,1wk Exp-dec Prime/Bolus Boost Day 21
6,49,15.15325,1wk Exp-dec Prime/Bolus Boost Day 21
6,56,12.30235,1wk Exp-dec Prime/Bolus Boost Day 21
6,63,8.282596,1wk Exp-dec Prime/Bolus Boost Day 21
6,70,12.38801,1wk Exp-dec Prime/Bolus Boost Day 21
6,77,14.23471,1wk Exp-dec Prime/Bolus Boost Day 21
6,84,14.78691,1wk Exp-dec Prime/Bolus Boost Day 21
6,125,9.312757,1wk Exp-dec Prime/Bolus Boost Day 21
6,139,8.83132,1wk Exp-dec Prime/Bolus Boost Day 21
7,7,0.24902,1wk Exp-dec Prime/Bolus Boost Day 21
7,14,0.704448,1wk Exp-dec Prime/Bolus Boost Day 21
7,21,0.481067,1wk Exp-dec Prime/Bolus Boost Day 21
7,28,11.15009,1wk Exp-dec Prime/Bolus Boost Day 21
7,35,10.14481,1wk Exp-dec Prime/Bolus Boost Day 21
7,42,10.02331,1wk Exp-dec Prime/Bolus Boost Day 21
7,49,9.890443,1wk Exp-dec Prime/Bolus Boost Day 21
7,56,7.050255,1wk Exp-dec Prime/Bolus Boost Day 21
7,63,8.170758,1wk Exp-dec Prime/Bolus Boost Day 21
7,70,9.363772,1wk Exp-dec Prime/Bolus Boost Day 21
7,77,8.169378,1wk Exp-dec Prime/Bolus Boost Day 21
7,84,7.545209,1wk Exp-dec Prime/Bolus Boost Day 21
7,125,5.783886,1wk Exp-dec Prime/Bolus Boost Day 21
7,139,4.897196,1wk Exp-dec Prime/Bolus Boost Day 21
8,7,0.089087,1wk Exp-dec Prime/Bolus Boost Day 21
8,14,0.620267,1wk Exp-dec Prime/Bolus Boost Day 21
8,21,0.414946,1wk Exp-dec Prime/Bolus Boost Day 21
8,28,2.560788,1wk Exp-dec Prime/Bolus Boost Day 21
8,35,4.214208,1wk Exp-dec Prime/Bolus Boost Day 21
8,42,4.105949,1wk Exp-dec Prime/Bolus Boost Day 21
8,49,5.308673,1wk Exp-dec Prime/Bolus Boost Day 21
8,56,4.279164,1wk Exp-dec Prime/Bolus Boost Day 21
8,63,6.260236,1wk Exp-dec Prime/Bolus Boost Day 21
8,70,5.430827,1wk Exp-dec Prime/Bolus Boost Day 21
8,77,5.000824,1wk Exp-dec Prime/Bolus Boost Day 21
8,84,7.497491,1wk Exp-dec Prime/Bolus Boost Day 21
8,125,2.166065,1wk Exp-dec Prime/Bolus Boost Day 21
8,139,2.062633,1wk Exp-dec Prime/Bolus Boost Day 21
9,7,0.046214,1wk Exp-dec Prime/Bolus Boost Day 21
9,14,0.473119,1wk Exp-dec Prime/Bolus Boost Day 21
9,21,0.602423,1wk Exp-dec Prime/Bolus Boost Day 21
9,28,8.464193,1wk Exp-dec Prime/Bolus Boost Day 21
9,35,8.306277,1wk Exp-dec Prime/Bolus Boost Day 21
9,42,8.030838,1wk Exp-dec Prime/Bolus Boost Day 21
9,49,7.82089,1wk Exp-dec Prime/Bolus Boost Day 21
9,56,6.639122,1wk Exp-dec Prime/Bolus Boost Day 21
9,63,6.465627,1wk Exp-dec Prime/Bolus Boost Day 21
9,70,6.44288,1wk Exp-dec Prime/Bolus Boost Day 21
9,77,8.29011,1wk Exp-dec Prime/Bolus Boost Day 21
9,84,6.052839,1wk Exp-dec Prime/Bolus Boost Day 21
9,125,2.174773,1wk Exp-dec Prime/Bolus Boost Day 21
9,139,1.545655,1wk Exp-dec Prime/Bolus Boost Day 21
10,7,0.150518,1wk Exp-dec Prime/Bolus Boost Day 21
10,14,1.036662,1wk Exp-dec Prime/Bolus Boost Day 21
10,21,0.744229,1wk Exp-dec Prime/Bolus Boost Day 21
10,28,5.800892,1wk Exp-dec Prime/Bolus Boost Day 21
10,35,6.590235,1wk Exp-dec Prime/Bolus Boost Day 21
10,42,7.996136,1wk Exp-dec Prime/Bolus Boost Day 21
10,49,8.419632,1wk Exp-dec Prime/Bolus Boost Day 21
10,56,28.04081,1wk Exp-dec Prime/Bolus Boost Day 21
10,63,8.780947,1wk Exp-dec Prime/Bolus Boost Day 21
10,70,7.794261,1wk Exp-dec Prime/Bolus Boost Day 21
10,77,5.887322,1wk Exp-dec Prime/Bolus Boost Day 21
10,84,8.967213,1wk Exp-dec Prime/Bolus Boost Day 21
10,125,4.241291,1wk Exp-dec Prime/Bolus Boost Day 21
10,139,3.009411,1wk Exp-dec Prime/Bolus Boost Day 21
11,7,0.216479,Constant Prime/Bolus Boost Day 21
11,14,4.677015,Constant Prime/Bolus Boost Day 21
11,21,2.040569,Constant Prime/Bolus Boost Day 21
11,28,10.29631,Constant Prime/Bolus Boost Day 21
11,35,10.35004,Constant Prime/Bolus Boost Day 21
11,42,9.315298,Constant Prime/Bolus Boost Day 21
11,49,12.76299,Constant Prime/Bolus Boost Day 21
11,56,7.831457,Constant Prime/Bolus Boost Day 21
11,63,9.458874,Constant Prime/Bolus Boost Day 21
11,70,9.88883,Constant Prime/Bolus Boost Day 21
11,77,8.330437,Constant Prime/Bolus Boost Day 21
11,84,16.38431,Constant Prime/Bolus Boost Day 21
11,125,4.304096,Constant Prime/Bolus Boost Day 21
11,139,5.73265,Constant Prime/Bolus Boost Day 21
12,7,0.090709,Constant Prime/Bolus Boost Day 21
12,14,2.001076,Constant Prime/Bolus Boost Day 21
12,21,1.452399,Constant Prime/Bolus Boost Day 21
12,28,10.30928,Constant Prime/Bolus Boost Day 21
12,35,8.494105,Constant Prime/Bolus Boost Day 21
12,42,8.283527,Constant Prime/Bolus Boost Day 21
12,49,11.69714,Constant Prime/Bolus Boost Day 21
12,56,12.11321,Constant Prime/Bolus Boost Day 21
12,63,10.64214,Constant Prime/Bolus Boost Day 21
12,70,11.1376,Constant Prime/Bolus Boost Day 21
12,77,9.777461,Constant Prime/Bolus Boost Day 21
12,84,15.3142,Constant Prime/Bolus Boost Day 21
12,125,4.448494,Constant Prime/Bolus Boost Day 21
12,139,4.965694,Constant Prime/Bolus Boost Day 21
13,7,0.172887,Constant Prime/Bolus Boost Day 21
13,14,4.036566,Constant Prime/Bolus Boost Day 21
13,21,2.743407,Constant Prime/Bolus Boost Day 21
13,28,10.21125,Constant Prime/Bolus Boost Day 21
13,35,14.39765,Constant Prime/Bolus Boost Day 21
13,42,13.82155,Constant Prime/Bolus Boost Day 21
13,49,16.19494,Constant Prime/Bolus Boost Day 21
13,56,21.64638,Constant Prime/Bolus Boost Day 21
13,63,18.25288,Constant Prime/Bolus Boost Day 21
13,70,18.1834,Constant Prime/Bolus Boost Day 21
13,77,21.36755,Constant Prime/Bolus Boost Day 21
13,84,17.3132,Constant Prime/Bolus Boost Day 21
13,125,1.511348,Constant Prime/Bolus Boost Day 21
13,139,11.95075,Constant Prime/Bolus Boost Day 21
14,7,0.4545,Constant Prime/Bolus Boost Day 21
14,14,6.066622,Constant Prime/Bolus Boost Day 21
14,21,3.314121,Constant Prime/Bolus Boost Day 21
14,28,13.56956,Constant Prime/Bolus Boost Day 21
14,35,13.47921,Constant Prime/Bolus Boost Day 21
14,42,10.83519,Constant Prime/Bolus Boost Day 21
14,49,16.78697,Constant Prime/Bolus Boost Day 21
14,56,11.12423,Constant Prime/Bolus Boost Day 21
14,63,10.92667,Constant Prime/Bolus Boost Day 21
14,70,10.17964,Constant Prime/Bolus Boost Day 21
14,77,11.21705,Constant Prime/Bolus Boost Day 21
14,84,13.84705,Constant Prime/Bolus Boost Day 21
14,125,8.483186,Constant Prime/Bolus Boost Day 21
14,139,4.781693,Constant Prime/Bolus Boost Day 21
15,7,0.21494,Constant Prime/Bolus Boost Day 21
15,14,4.475849,Constant Prime/Bolus Boost Day 21
15,21,3.183333,Constant Prime/Bolus Boost Day 21
15,28,17.60916,Constant Prime/Bolus Boost Day 21
15,35,21.59421,Constant Prime/Bolus Boost Day 21
15,42,16.81841,Constant Prime/Bolus Boost Day 21
15,49,17.43466,Constant Prime/Bolus Boost Day 21
15,56,19.34612,Constant Prime/Bolus Boost Day 21
15,63,18.15142,Constant Prime/Bolus Boost Day 21
15,70,17.97423,Constant Prime/Bolus Boost Day 21
15,77,30.08921,Constant Prime/Bolus Boost Day 21
15,84,16.94679,Constant Prime/Bolus Boost Day 21
15,125,0.892708,Constant Prime/Bolus Boost Day 21
15,139,8.750155,Constant Prime/Bolus Boost Day 21
16,7,0.062329,Bolus Prime/Bolus Boost Day 21
16,14,0.087066,Bolus Prime/Bolus Boost Day 21
16,21,0.139657,Bolus Prime/Bolus Boost Day 21
16,28,2.072603,Bolus Prime/Bolus Boost Day 21
16,35,8.626384,Bolus Prime/Bolus Boost Day 21
16,42,11.85694,Bolus Prime/Bolus Boost Day 21
16,49,10.32965,Bolus Prime/Bolus Boost Day 21
16,56,8.895981,Bolus Prime/Bolus Boost Day 21
16,63,9.75104,Bolus Prime/Bolus Boost Day 21
16,70,9.65058,Bolus Prime/Bolus Boost Day 21
16,77,11.37195,Bolus Prime/Bolus Boost Day 21
16,84,8.81479,Bolus Prime/Bolus Boost Day 21
16,125,5.026772,Bolus Prime/Bolus Boost Day 21
16,139,3.837612,Bolus Prime/Bolus Boost Day 21
17,7,0.033422,Bolus Prime/Bolus Boost Day 21
17,14,0.871093,Bolus Prime/Bolus Boost Day 21
17,21,0.775874,Bolus Prime/Bolus Boost Day 21
17,28,5.69638,Bolus Prime/Bolus Boost Day 21
17,35,7.611693,Bolus Prime/Bolus Boost Day 21
17,42,10.1817,Bolus Prime/Bolus Boost Day 21
17,49,10.48006,Bolus Prime/Bolus Boost Day 21
17,56,10.5601,Bolus Prime/Bolus Boost Day 21
17,63,8.480262,Bolus Prime/Bolus Boost Day 21
17,70,9.083342,Bolus Prime/Bolus Boost Day 21
17,77,9.930858,Bolus Prime/Bolus Boost Day 21
17,84,8.125062,Bolus Prime/Bolus Boost Day 21
17,125,3.977618,Bolus Prime/Bolus Boost Day 21
17,139,4.609733,Bolus Prime/Bolus Boost Day 21
18,7,0.08599,Bolus Prime/Bolus Boost Day 21
18,14,0.660449,Bolus Prime/Bolus Boost Day 21
18,21,0.358593,Bolus Prime/Bolus Boost Day 21
18,28,3.250728,Bolus Prime/Bolus Boost Day 21
18,35,6.704809,Bolus Prime/Bolus Boost Day 21
18,42,4.450679,Bolus Prime/Bolus Boost Day 21
18,49,4.760833,Bolus Prime/Bolus Boost Day 21
18,56,7.022513,Bolus Prime/Bolus Boost Day 21
18,63,4.426054,Bolus Prime/Bolus Boost Day 21
18,70,6.654605,Bolus Prime/Bolus Boost Day 21
18,77,5.254712,Bolus Prime/Bolus Boost Day 21
18,84,5.196591,Bolus Prime/Bolus Boost Day 21
18,125,13.91921,Bolus Prime/Bolus Boost Day 21
18,139,0.927147,Bolus Prime/Bolus Boost Day 21
19,7,0.090438,Bolus Prime/Bolus Boost Day 21
19,14,0.502032,Bolus Prime/Bolus Boost Day 21
19,21,0.47453,Bolus Prime/Bolus Boost Day 21
19,28,8.089917,Bolus Prime/Bolus Boost Day 21
19,35,11.81263,Bolus Prime/Bolus Boost Day 21
19,42,13.79931,Bolus Prime/Bolus Boost Day 21
19,49,16.94104,Bolus Prime/Bolus Boost Day 21
19,56,19.59128,Bolus Prime/Bolus Boost Day 21
19,63,12.94503,Bolus Prime/Bolus Boost Day 21
19,70,15.96401,Bolus Prime/Bolus Boost Day 21
19,77,14.37359,Bolus Prime/Bolus Boost Day 21
19,84,14.93463,Bolus Prime/Bolus Boost Day 21
19,125,6.171942,Bolus Prime/Bolus Boost Day 21
19,139,7.795269,Bolus Prime/Bolus Boost Day 21
20,7,0.276012,Bolus Prime/Bolus Boost Day 21
20,14,1.237083,Bolus Prime/Bolus Boost Day 21
20,21,1.181403,Bolus Prime/Bolus Boost Day 21
20,28,7.502205,Bolus Prime/Bolus Boost Day 21
20,35,6.003029,Bolus Prime/Bolus Boost Day 21
20,42,6.190324,Bolus Prime/Bolus Boost Day 21
20,49,6.639122,Bolus Prime/Bolus Boost Day 21
20,56,5.305316,Bolus Prime/Bolus Boost Day 21
20,63,3.893053,Bolus Prime/Bolus Boost Day 21
20,70,4.502321,Bolus Prime/Bolus Boost Day 21
20,77,4.656411,Bolus Prime/Bolus Boost Day 21
20,84,4.208274,Bolus Prime/Bolus Boost Day 21
20,125,8.480433,Bolus Prime/Bolus Boost Day 21
20,139,0.892708,Bolus Prime/Bolus Boost Day 21
21,7,0.1,1wk Exp-inc Prime/Bolus Boost Day 21
21,14,27.94078,1wk Exp-inc Prime/Bolus Boost Day 21
21,21,19.17029,1wk Exp-inc Prime/Bolus Boost Day 21
21,28,26.36527,1wk Exp-inc Prime/Bolus Boost Day 21
21,35,24.73758,1wk Exp-inc Prime/Bolus Boost Day 21
21,42,21.49009,1wk Exp-inc Prime/Bolus Boost Day 21
21,49,35.73288,1wk Exp-inc Prime/Bolus Boost Day 21
21,56,23.43741,1wk Exp-inc Prime/Bolus Boost Day 21
21,63,45.50331,1wk Exp-inc Prime/Bolus Boost Day 21
21,77,27.68372,1wk Exp-inc Prime/Bolus Boost Day 21
21,91,17.26597,1wk Exp-inc Prime/Bolus Boost Day 21
22,7,0.1,1wk Exp-inc Prime/Bolus Boost Day 21
22,14,10.82128,1wk Exp-inc Prime/Bolus Boost Day 21
22,21,3.882582,1wk Exp-inc Prime/Bolus Boost Day 21
22,28,20.75868,1wk Exp-inc Prime/Bolus Boost Day 21
22,35,14.54851,1wk Exp-inc Prime/Bolus Boost Day 21
22,42,13.5449,1wk Exp-inc Prime/Bolus Boost Day 21
22,49,13.55347,1wk Exp-inc Prime/Bolus Boost Day 21
22,56,8.707424,1wk Exp-inc Prime/Bolus Boost Day 21
22,63,26.49628,1wk Exp-inc Prime/Bolus Boost Day 21
22,77,10.36373,1wk Exp-inc Prime/Bolus Boost Day 21
22,91,7.884632,1wk Exp-inc Prime/Bolus Boost Day 21
23,7,1.133349,1wk Exp-inc Prime/Bolus Boost Day 21
23,14,0,1wk Exp-inc Prime/Bolus Boost Day 21
23,21,3.915306,1wk Exp-inc Prime/Bolus Boost Day 21
23,28,11.15273,1wk Exp-inc Prime/Bolus Boost Day 21
23,35,10.02237,1wk Exp-inc Prime/Bolus Boost Day 21
23,42,11.63422,1wk Exp-inc Prime/Bolus Boost Day 21
23,49,16.24785,1wk Exp-inc Prime/Bolus Boost Day 21
23,56,16.63601,1wk Exp-inc Prime/Bolus Boost Day 21
23,63,48.08993,1wk Exp-inc Prime/Bolus Boost Day 21
23,77,21.7416,1wk Exp-inc Prime/Bolus Boost Day 21
23,91,18.49807,1wk Exp-inc Prime/Bolus Boost Day 21
24,7,0.1,1wk Exp-inc Prime/Bolus Boost Day 21
24,14,8.62693,1wk Exp-inc Prime/Bolus Boost Day 21
24,21,2.73251,1wk Exp-inc Prime/Bolus Boost Day 21
24,28,10.82377,1wk Exp-inc Prime/Bolus Boost Day 21
24,35,14.60487,1wk Exp-inc Prime/Bolus Boost Day 21
24,42,13.76342,1wk Exp-inc Prime/Bolus Boost Day 21
24,49,24.74326,1wk Exp-inc Prime/Bolus Boost Day 21
24,56,13.96219,1wk Exp-inc Prime/Bolus Boost Day 21
24,63,23.90332,1wk Exp-inc Prime/Bolus Boost Day 21
24,77,18.38083,1wk Exp-inc Prime/Bolus Boost Day 21
24,91,16.59922,1wk Exp-inc Prime/Bolus Boost Day 21
25,7,0.1,1wk Exp-inc Prime/Bolus Boost Day 21
25,14,5.796994,1wk Exp-inc Prime/Bolus Boost Day 21
25,21,4.442121,1wk Exp-inc Prime/Bolus Boost Day 21
25,28,17.68403,1wk Exp-inc Prime/Bolus Boost Day 21
25,35,19.94098,1wk Exp-inc Prime/Bolus Boost Day 21
25,42,28.62855,1wk Exp-inc Prime/Bolus Boost Day 21
25,49,49.51188,1wk Exp-inc Prime/Bolus Boost Day 21
25,56,44.88758,1wk Exp-inc Prime/Bolus Boost Day 21
25,63,96.73872,1wk Exp-inc Prime/Bolus Boost Day 21
25,77,69.63625,1wk Exp-inc Prime/Bolus Boost Day 21
25,91,48.75227,1wk Exp-inc Prime/Bolus Boost Day 21
26,7,0.1,1wk Exp-inc Prime/Bolus Boost Day 21
26,14,2.691496,1wk Exp-inc Prime/Bolus Boost Day 21
26,21,4.191208,1wk Exp-inc Prime/Bolus Boost Day 21
26,28,180.203,1wk Exp-inc Prime/Bolus Boost Day 21
26,35,28.45502,1wk Exp-inc Prime/Bolus Boost Day 21
26,42,29.62365,1wk Exp-inc Prime/Bolus Boost Day 21
26,49,23.45652,1wk Exp-inc Prime/Bolus Boost Day 21
26,56,42.93338,1wk Exp-inc Prime/Bolus Boost Day 21
26,63,22.89327,1wk Exp-inc Prime/Bolus Boost Day 21
26,77,16.20938,1wk Exp-inc Prime/Bolus Boost Day 21
26,91,14.48739,1wk Exp-inc Prime/Bolus Boost Day 21
27,7,0.1,1wk Exp-inc Prime/Bolus Boost Day 21
27,14,6.846167,1wk Exp-inc Prime/Bolus Boost Day 21
27,21,6.142015,1wk Exp-inc Prime/Bolus Boost Day 21
27,28,42.11132,1wk Exp-inc Prime/Bolus Boost Day 21
27,35,55.73107,1wk Exp-inc Prime/Bolus Boost Day 21
27,42,66.32426,1wk Exp-inc Prime/Bolus Boost Day 21
27,49,70.85957,1wk Exp-inc Prime/Bolus Boost Day 21
27,56,148.2551,1wk Exp-inc Prime/Bolus Boost Day 21
27,63,58.43393,1wk Exp-inc Prime/Bolus Boost Day 21
27,77,40.71529,1wk Exp-inc Prime/Bolus Boost Day 21
27,91,43.3504,1wk Exp-inc Prime/Bolus Boost Day 21
28,7,8.050896,1wk Exp-inc Prime/Bolus Boost Day 21
28,14,2.812767,1wk Exp-inc Prime/Bolus Boost Day 21
28,21,2.013602,1wk Exp-inc Prime/Bolus Boost Day 21
28,28,23.08123,1wk Exp-inc Prime/Bolus Boost Day 21
28,35,60.2579,1wk Exp-inc Prime/Bolus Boost Day 21
28,42,104.5742,1wk Exp-inc Prime/Bolus Boost Day 21
28,49,129.5253,1wk Exp-inc Prime/Bolus Boost Day 21
28,56,186.1317,1wk Exp-inc Prime/Bolus Boost Day 21
28,63,184.3214,1wk Exp-inc Prime/Bolus Boost Day 21
28,77,163.7085,1wk Exp-inc Prime/Bolus Boost Day 21
28,91,132.1162,1wk Exp-inc Prime/Bolus Boost Day 21
29,7,0.1,1wk Exp-inc Prime/Bolus Boost Day 21
29,14,6.298006,1wk Exp-inc Prime/Bolus Boost Day 21
29,21,6.19455,1wk Exp-inc Prime/Bolus Boost Day 21
29,28,64.32382,1wk Exp-inc Prime/Bolus Boost Day 21
29,35,79.56292,1wk Exp-inc Prime/Bolus Boost Day 21
29,42,71.65427,1wk Exp-inc Prime/Bolus Boost Day 21
29,49,66.96016,1wk Exp-inc Prime/Bolus Boost Day 21
29,56,121.4733,1wk Exp-inc Prime/Bolus Boost Day 21
29,63,49.08223,1wk Exp-inc Prime/Bolus Boost Day 21
29,77,45.61094,1wk Exp-inc Prime/Bolus Boost Day 21
29,91,38.1478,1wk Exp-inc Prime/Bolus Boost Day 21
30,7,0.5002653,1wk Exp-inc Prime/Bolus Boost Day 21
30,14,12.68298,1wk Exp-inc Prime/Bolus Boost Day 21
30,21,8.822088,1wk Exp-inc Prime/Bolus Boost Day 21
30,28,20.56324,1wk Exp-inc Prime/Bolus Boost Day 21
30,35,15.48446,1wk Exp-inc Prime/Bolus Boost Day 21
30,42,14.69753,1wk Exp-inc Prime/Bolus Boost Day 21
30,49,11.454,1wk Exp-inc Prime/Bolus Boost Day 21
30,56,31.82456,1wk Exp-inc Prime/Bolus Boost Day 21
30,63,7.228927,1wk Exp-inc Prime/Bolus Boost Day 21
30,77,2.971057,1wk Exp-inc Prime/Bolus Boost Day 21
30,91,-2.142207,1wk Exp-inc Prime/Bolus Boost Day 21
31,7,0.8607703,2wk Exp-inc Prime/Bolus Boost Day 28
31,14,-,2wk Exp-inc Prime/Bolus Boost Day 28
31,21,30.97445,2wk Exp-inc Prime/Bolus Boost Day 28
31,28,22.5274,2wk Exp-inc Prime/Bolus Boost Day 28
31,35,89.8941,2wk Exp-inc Prime/Bolus Boost Day 28
31,42,133.2678,2wk Exp-inc Prime/Bolus Boost Day 28
31,49,144.4761,2wk Exp-inc Prime/Bolus Boost Day 28
31,56,113.7169,2wk Exp-inc Prime/Bolus Boost Day 28
31,63,187.4503,2wk Exp-inc Prime/Bolus Boost Day 28
31,77,102.2864,2wk Exp-inc Prime/Bolus Boost Day 28
31,91,77.60854,2wk Exp-inc Prime/Bolus Boost Day 28
32,7,1.065075,2wk Exp-inc Prime/Bolus Boost Day 28
32,14,101.3444,2wk Exp-inc Prime/Bolus Boost Day 28
32,21,148.5657,2wk Exp-inc Prime/Bolus Boost Day 28
32,28,25.8955,2wk Exp-inc Prime/Bolus Boost Day 28
32,35,206.2642,2wk Exp-inc Prime/Bolus Boost Day 28
32,42,-,2wk Exp-inc Prime/Bolus Boost Day 28
32,49,-,2wk Exp-inc Prime/Bolus Boost Day 28
32,56,234.7374,2wk Exp-inc Prime/Bolus Boost Day 28
32,63,-,2wk Exp-inc Prime/Bolus Boost Day 28
32,77,-,2wk Exp-inc Prime/Bolus Boost Day 28
32,91,-,2wk Exp-inc Prime/Bolus Boost Day 28
33,7,0.1,2wk Exp-inc Prime/Bolus Boost Day 28
33,14,32.23401,2wk Exp-inc Prime/Bolus Boost Day 28
33,21,-,2wk Exp-inc Prime/Bolus Boost Day 28
33,28,43.13202,2wk Exp-inc Prime/Bolus Boost Day 28
33,35,168.7608,2wk Exp-inc Prime/Bolus Boost Day 28
33,42,-,2wk Exp-inc Prime/Bolus Boost Day 28
33,49,-,2wk Exp-inc Prime/Bolus Boost Day 28
33,56,-,2wk Exp-inc Prime/Bolus Boost Day 28
33,63,-,2wk Exp-inc Prime/Bolus Boost Day 28
33,77,134.3335,2wk Exp-inc Prime/Bolus Boost Day 28
33,91,132.7428,2wk Exp-inc Prime/Bolus Boost Day 28
34,7,0.1,2wk Exp-inc Prime/Bolus Boost Day 28
34,14,-,2wk Exp-inc Prime/Bolus Boost Day 28
34,21,-,2wk Exp-inc Prime/Bolus Boost Day 28
34,28,26.35855,2wk Exp-inc Prime/Bolus Boost Day 28
34,35,68.23975,2wk Exp-inc Prime/Bolus Boost Day 28
34,42,108.1865,2wk Exp-inc Prime/Bolus Boost Day 28
34,49,141.9985,2wk Exp-inc Prime/Bolus Boost Day 28
34,56,126.7329,2wk Exp-inc Prime/Bolus Boost Day 28
34,63,147.9471,2wk Exp-inc Prime/Bolus Boost Day 28
34,77,97.02924,2wk Exp-inc Prime/Bolus Boost Day 28
34,91,99.49329,2wk Exp-inc Prime/Bolus Boost Day 28
35,7,0.1,2wk Exp-inc Prime/Bolus Boost Day 28
35,14,-,2wk Exp-inc Prime/Bolus Boost Day 28
35,21,-,2wk Exp-inc Prime/Bolus Boost Day 28
35,28,17.53053,2wk Exp-inc Prime/Bolus Boost Day 28
35,35,55.8874,2wk Exp-inc Prime/Bolus Boost Day 28
35,42,74.23905,2wk Exp-inc Prime/Bolus Boost Day 28
35,49,78.00393,2wk Exp-inc Prime/Bolus Boost Day 28
35,56,88.32806,2wk Exp-inc Prime/Bolus Boost Day 28
35,63,68.75169,2wk Exp-inc Prime/Bolus Boost Day 28
35,77,58.90275,2wk Exp-inc Prime/Bolus Boost Day 28
35,91,50.75866,2wk Exp-inc Prime/Bolus Boost Day 28
36,7,0.0405333,2wk Exp-inc Prime/Bolus Boost Day 28
36,14,11.55253,2wk Exp-inc Prime/Bolus Boost Day 28
36,21,22.12712,2wk Exp-inc Prime/Bolus Boost Day 28
36,28,21.8047,2wk Exp-inc Prime/Bolus Boost Day 28
36,35,104.5669,2wk Exp-inc Prime/Bolus Boost Day 28
36,42,90.06842,2wk Exp-inc Prime/Bolus Boost Day 28
36,49,79.44986,2wk Exp-inc Prime/Bolus Boost Day 28
36,56,118.3707,2wk Exp-inc Prime/Bolus Boost Day 28
36,63,74.74479,2wk Exp-inc Prime/Bolus Boost Day 28
36,77,50.98301,2wk Exp-inc Prime/Bolus Boost Day 28
36,91,46.20832,2wk Exp-inc Prime/Bolus Boost Day 28
37,7,0.1,2wk Exp-inc Prime/Bolus Boost Day 28
37,14,12.54016,2wk Exp-inc Prime/Bolus Boost Day 28
37,21,25.22714,2wk Exp-inc Prime/Bolus Boost Day 28
37,28,26.54677,2wk Exp-inc Prime/Bolus Boost Day 28
37,35,203.6721,2wk Exp-inc Prime/Bolus Boost Day 28
37,42,-,2wk Exp-inc Prime/Bolus Boost Day 28
37,49,254.4255,2wk Exp-inc Prime/Bolus Boost Day 28
37,56,-,2wk Exp-inc Prime/Bolus Boost Day 28
37,63,-,2wk Exp-inc Prime/Bolus Boost Day 28
37,77,151.315,2wk Exp-inc Prime/Bolus Boost Day 28
37,91,145.0545,2wk Exp-inc Prime/Bolus Boost Day 28
38,7,0.2809453,2wk Exp-inc Prime/Bolus Boost Day 28
38,14,23.77241,2wk Exp-inc Prime/Bolus Boost Day 28
38,21,18.16383,2wk Exp-inc Prime/Bolus Boost Day 28
38,28,52.92432,2wk Exp-inc Prime/Bolus Boost Day 28
38,35,163.3791,2wk Exp-inc Prime/Bolus Boost Day 28
38,42,140.1067,2wk Exp-inc Prime/Bolus Boost Day 28
38,49,97.84652,2wk Exp-inc Prime/Bolus Boost Day 28
38,56,115.9003,2wk Exp-inc Prime/Bolus Boost Day 28
38,63,87.06029,2wk Exp-inc Prime/Bolus Boost Day 28
38,77,47.03642,2wk Exp-inc Prime/Bolus Boost Day 28
38,91,34.96545,2wk Exp-inc Prime/Bolus Boost Day 28
39,7,0.7805063,2wk Exp-inc Prime/Bolus Boost Day 28
39,14,23.00551,2wk Exp-inc Prime/Bolus Boost Day 28
39,21,20.21063,2wk Exp-inc Prime/Bolus Boost Day 28
39,28,30.15788,2wk Exp-inc Prime/Bolus Boost Day 28
39,35,177.0223,2wk Exp-inc Prime/Bolus Boost Day 28
39,42,237.4574,2wk Exp-inc Prime/Bolus Boost Day 28
39,49,135.0274,2wk Exp-inc Prime/Bolus Boost Day 28
39,56,486.5504,2wk Exp-inc Prime/Bolus Boost Day 28
39,63,272.7874,2wk Exp-inc Prime/Bolus Boost Day 28
39,77,82.15224,2wk Exp-inc Prime/Bolus Boost Day 28
39,91,80.86802,2wk Exp-inc Prime/Bolus Boost Day 28
40,7,1.99948,2wk Exp-inc Prime/Bolus Boost Day 28
40,14,18.62479,2wk Exp-inc Prime/Bolus Boost Day 28
40,21,16.70551,2wk Exp-inc Prime/Bolus Boost Day 28
40,28,17.07726,2wk Exp-inc Prime/Bolus Boost Day 28
40,35,114.8136,2wk Exp-inc Prime/Bolus Boost Day 28
40,42,199.318,2wk Exp-inc Prime/Bolus Boost Day 28
40,49,157.8427,2wk Exp-inc Prime/Bolus Boost Day 28
40,56,394.3969,2wk Exp-inc Prime/Bolus Boost Day 28
40,63,168.4401,2wk Exp-inc Prime/Bolus Boost Day 28
40,77,105.5514,2wk Exp-inc Prime/Bolus Boost Day 28
40,91,82.58067,2wk Exp-inc Prime/Bolus Boost Day 28
41,7,0.4284213,Bolus Prime/Bolus Boost Day 21
41,14,0.1,Bolus Prime/Bolus Boost Day 21
41,21,0.1,Bolus Prime/Bolus Boost Day 21
41,28,0.6492847,Bolus Prime/Bolus Boost Day 21
41,35,0.540032,Bolus Prime/Bolus Boost Day 21
41,42,0.1353171,Bolus Prime/Bolus Boost Day 21
41,49,0.7025001,Bolus Prime/Bolus Boost Day 21
41,56,0.1,Bolus Prime/Bolus Boost Day 21
41,63,0.4927871,Bolus Prime/Bolus Boost Day 21
41,77,0.9824713,Bolus Prime/Bolus Boost Day 21
41,91,0.1,Bolus Prime/Bolus Boost Day 21
42,7,0.3600703,Bolus Prime/Bolus Boost Day 21
42,14,0.3574969,Bolus Prime/Bolus Boost Day 21
42,21,0.8084015,Bolus Prime/Bolus Boost Day 21
42,28,9.439765,Bolus Prime/Bolus Boost Day 21
42,35,8.912962,Bolus Prime/Bolus Boost Day 21
42,42,6.709359,Bolus Prime/Bolus Boost Day 21
42,49,7.484022,Bolus Prime/Bolus Boost Day 21
42,56,7.863651,Bolus Prime/Bolus Boost Day 21
42,63,8.077077,Bolus Prime/Bolus Boost Day 21
42,77,11.81818,Bolus Prime/Bolus Boost Day 21
42,91,6.011402,Bolus Prime/Bolus Boost Day 21
43,7,0.1,Bolus Prime/Bolus Boost Day 21
43,14,4.457585,Bolus Prime/Bolus Boost Day 21
43,21,0.1,Bolus Prime/Bolus Boost Day 21
43,28,3.415436,Bolus Prime/Bolus Boost Day 21
43,35,8.383817,Bolus Prime/Bolus Boost Day 21
43,42,6.276068,Bolus Prime/Bolus Boost Day 21
43,49,11.33349,Bolus Prime/Bolus Boost Day 21
43,56,9.842754,Bolus Prime/Bolus Boost Day 21
43,63,11.04791,Bolus Prime/Bolus Boost Day 21
43,77,12.12773,Bolus Prime/Bolus Boost Day 21
43,91,8.831021,Bolus Prime/Bolus Boost Day 21
44,7,0.4049843,Bolus Prime/Bolus Boost Day 21
44,14,0.658249,Bolus Prime/Bolus Boost Day 21
44,21,0.1,Bolus Prime/Bolus Boost Day 21
44,28,6.047581,Bolus Prime/Bolus Boost Day 21
44,35,9.944006,Bolus Prime/Bolus Boost Day 21
44,42,15.50975,Bolus Prime/Bolus Boost Day 21
44,49,17.43014,Bolus Prime/Bolus Boost Day 21
44,56,15.05373,Bolus Prime/Bolus Boost Day 21
44,63,16.99369,Bolus Prime/Bolus Boost Day 21
44,77,17.77433,Bolus Prime/Bolus Boost Day 21
44,91,13.25609,Bolus Prime/Bolus Boost Day 21
45,7,1.171809,Bolus Prime/Bolus Boost Day 21
45,14,0.1,Bolus Prime/Bolus Boost Day 21
45,21,0.1,Bolus Prime/Bolus Boost Day 21
45,28,0.7187617,Bolus Prime/Bolus Boost Day 21
45,35,2.197856,Bolus Prime/Bolus Boost Day 21
45,42,1.025427,Bolus Prime/Bolus Boost Day 21
45,49,2.601015,Bolus Prime/Bolus Boost Day 21
45,56,2.052151,Bolus Prime/Bolus Boost Day 21
45,63,0.09786705,Bolus Prime/Bolus Boost Day 21
45,77,0.3348513,Bolus Prime/Bolus Boost Day 21
45,91,0.1,Bolus Prime/Bolus Boost Day 21
46,7,0.7699653,Bolus Prime/Bolus Boost Day 21
46,14,2.917899,Bolus Prime/Bolus Boost Day 21
46,21,2.24421,Bolus Prime/Bolus Boost Day 21
46,28,9.337754,Bolus Prime/Bolus Boost Day 21
46,35,9.092009,Bolus Prime/Bolus Boost Day 21
46,42,8.202265,Bolus Prime/Bolus Boost Day 21
46,49,8.335614,Bolus Prime/Bolus Boost Day 21
46,56,10.9957,Bolus Prime/Bolus Boost Day 21
46,63,5.8068,Bolus Prime/Bolus Boost Day 21
46,77,21.40837,Bolus Prime/Bolus Boost Day 21
46,91,3.513979,Bolus Prime/Bolus Boost Day 21
47,7,0.9603563,Bolus Prime/Bolus Boost Day 21
47,14,2.160782,Bolus Prime/Bolus Boost Day 21
47,21,1.680375,Bolus Prime/Bolus Boost Day 21
47,28,4.258047,Bolus Prime/Bolus Boost Day 21
47,35,5.879892,Bolus Prime/Bolus Boost Day 21
47,42,5.563866,Bolus Prime/Bolus Boost Day 21
47,49,5.01044,Bolus Prime/Bolus Boost Day 21
47,56,6.466646,Bolus Prime/Bolus Boost Day 21
47,63,5.16367,Bolus Prime/Bolus Boost Day 21
47,77,1.532796,Bolus Prime/Bolus Boost Day 21
47,91,1.477147,Bolus Prime/Bolus Boost Day 21
48,7,0.2366343,Bolus Prime/Bolus Boost Day 21
48,14,0.587392,Bolus Prime/Bolus Boost Day 21
48,21,1.394806,Bolus Prime/Bolus Boost Day 21
48,28,5.926659,Bolus Prime/Bolus Boost Day 21
48,35,9.026318,Bolus Prime/Bolus Boost Day 21
48,42,9.839554,Bolus Prime/Bolus Boost Day 21
48,49,8.641075,Bolus Prime/Bolus Boost Day 21
48,56,11.79516,Bolus Prime/Bolus Boost Day 21
48,63,10.28031,Bolus Prime/Bolus Boost Day 21
48,77,5.372367,Bolus Prime/Bolus Boost Day 21
48,91,5.804266,Bolus Prime/Bolus Boost Day 21
49,7,0.0210463,Bolus Prime/Bolus Boost Day 21
49,14,2.903148,Bolus Prime/Bolus Boost Day 21
49,21,1.377146,Bolus Prime/Bolus Boost Day 21
49,28,3.857029,Bolus Prime/Bolus Boost Day 21
49,35,8.170665,Bolus Prime/Bolus Boost Day 21
49,42,8.067118,Bolus Prime/Bolus Boost Day 21
49,49,23.71471,Bolus Prime/Bolus Boost Day 21
49,56,31.81308,Bolus Prime/Bolus Boost Day 21
49,63,13.49299,Bolus Prime/Bolus Boost Day 21
49,77,5.776322,Bolus Prime/Bolus Boost Day 21
49,91,5.797996,Bolus Prime/Bolus Boost Day 21
50,7,0.1,Bolus Prime/Bolus Boost Day 21
50,14,0.490111,Bolus Prime/Bolus Boost Day 21
50,21,0.4514005,Bolus Prime/Bolus Boost Day 21
50,28,8.057067,Bolus Prime/Bolus Boost Day 21
50,35,14.24833,Bolus Prime/Bolus Boost Day 21
50,42,12.16447,Bolus Prime/Bolus Boost Day 21
50,49,13.48518,Bolus Prime/Bolus Boost Day 21
50,56,33.40023,Bolus Prime/Bolus Boost Day 21
50,63,15.6095,Bolus Prime/Bolus Boost Day 21
50,77,11.27946,Bolus Prime/Bolus Boost Day 21
50,91,9.422441,Bolus Prime/Bolus Boost Day 21
51,7,0.0623823,Bolus Prime/Bolus Boost Day 28
51,14,0.1,Bolus Prime/Bolus Boost Day 28
51,21,0.1,Bolus Prime/Bolus Boost Day 28
51,28,0.1,Bolus Prime/Bolus Boost Day 28
51,35,1.115807,Bolus Prime/Bolus Boost Day 28
51,42,1.722887,Bolus Prime/Bolus Boost Day 28
51,49,1.938876,Bolus Prime/Bolus Boost Day 28
51,56,0.5407185,Bolus Prime/Bolus Boost Day 28
51,63,0.457884,Bolus Prime/Bolus Boost Day 28
51,77,0.1,Bolus Prime/Bolus Boost Day 28
51,91,0.1,Bolus Prime/Bolus Boost Day 28
52,7,0.1,Bolus Prime/Bolus Boost Day 28
52,14,0.905238,Bolus Prime/Bolus Boost Day 28
52,21,0.1901905,Bolus Prime/Bolus Boost Day 28
52,28,0.1,Bolus Prime/Bolus Boost Day 28
52,35,10.14305,Bolus Prime/Bolus Boost Day 28
52,42,27.62632,Bolus Prime/Bolus Boost Day 28
52,49,12.43471,Bolus Prime/Bolus Boost Day 28
52,56,27.41543,Bolus Prime/Bolus Boost Day 28
52,63,47.45133,Bolus Prime/Bolus Boost Day 28
52,77,23.03142,Bolus Prime/Bolus Boost Day 28
52,91,22.57694,Bolus Prime/Bolus Boost Day 28
53,7,0.1,Bolus Prime/Bolus Boost Day 28
53,14,-,Bolus Prime/Bolus Boost Day 28
53,21,0.1,Bolus Prime/Bolus Boost Day 28
53,28,0.1,Bolus Prime/Bolus Boost Day 28
53,35,0.1,Bolus Prime/Bolus Boost Day 28
53,42,0.1922721,Bolus Prime/Bolus Boost Day 28
53,49,10.23677,Bolus Prime/Bolus Boost Day 28
53,56,0.1,Bolus Prime/Bolus Boost Day 28
53,63,0.1,Bolus Prime/Bolus Boost Day 28
53,77,0.1,Bolus Prime/Bolus Boost Day 28
53,91,0.4521165,Bolus Prime/Bolus Boost Day 28
54,7,0.9157993,Bolus Prime/Bolus Boost Day 28
54,14,1.022765,Bolus Prime/Bolus Boost Day 28
54,21,0.8058765,Bolus Prime/Bolus Boost Day 28
54,28,1.141702,Bolus Prime/Bolus Boost Day 28
54,35,0.1,Bolus Prime/Bolus Boost Day 28
54,42,20.13402,Bolus Prime/Bolus Boost Day 28
54,49,28.83369,Bolus Prime/Bolus Boost Day 28
54,56,33.94056,Bolus Prime/Bolus Boost Day 28
54,63,32.53836,Bolus Prime/Bolus Boost Day 28
54,77,24.92964,Bolus Prime/Bolus Boost Day 28
54,91,25.94543,Bolus Prime/Bolus Boost Day 28
55,7,1.566728,Bolus Prime/Bolus Boost Day 28
55,14,0.7015759,Bolus Prime/Bolus Boost Day 28
55,21,0.1,Bolus Prime/Bolus Boost Day 28
55,28,0.2251527,Bolus Prime/Bolus Boost Day 28
55,35,3.65126,Bolus Prime/Bolus Boost Day 28
55,42,6.868835,Bolus Prime/Bolus Boost Day 28
55,49,12.7864,Bolus Prime/Bolus Boost Day 28
55,56,6.701519,Bolus Prime/Bolus Boost Day 28
55,63,10.85283,Bolus Prime/Bolus Boost Day 28
55,77,10.11606,Bolus Prime/Bolus Boost Day 28
55,91,6.03025,Bolus Prime/Bolus Boost Day 28
56,7,0.5196673,Bolus Prime/Bolus Boost Day 28
56,14,1.496611,Bolus Prime/Bolus Boost Day 28
56,21,0.8843365,Bolus Prime/Bolus Boost Day 28
56,28,0.9491407,Bolus Prime/Bolus Boost Day 28
56,35,15.93892,Bolus Prime/Bolus Boost Day 28
56,42,33.68837,Bolus Prime/Bolus Boost Day 28
56,49,29.58995,Bolus Prime/Bolus Boost Day 28
56,56,52.9869,Bolus Prime/Bolus Boost Day 28
56,63,39.41295,Bolus Prime/Bolus Boost Day 28
56,77,10.84713,Bolus Prime/Bolus Boost Day 28
56,91,18.48449,Bolus Prime/Bolus Boost Day 28
57,7,0.2342773,Bolus Prime/Bolus Boost Day 28
57,14,0.543852,Bolus Prime/Bolus Boost Day 28
57,21,0.3931645,Bolus Prime/Bolus Boost Day 28
57,28,0.3892387,Bolus Prime/Bolus Boost Day 28
57,35,26.7723,Bolus Prime/Bolus Boost Day 28
57,42,43.25552,Bolus Prime/Bolus Boost Day 28
57,49,44.30054,Bolus Prime/Bolus Boost Day 28
57,56,68.64944,Bolus Prime/Bolus Boost Day 28
57,63,36.73199,Bolus Prime/Bolus Boost Day 28
57,77,23.73227,Bolus Prime/Bolus Boost Day 28
57,91,14.40769,Bolus Prime/Bolus Boost Day 28
58,7,1.068241,Bolus Prime/Bolus Boost Day 28
58,14,1.133545,Bolus Prime/Bolus Boost Day 28
58,21,1.84727,Bolus Prime/Bolus Boost Day 28
58,28,1.13152,Bolus Prime/Bolus Boost Day 28
58,35,14.76154,Bolus Prime/Bolus Boost Day 28
58,42,15.28744,Bolus Prime/Bolus Boost Day 28
58,49,13.69482,Bolus Prime/Bolus Boost Day 28
58,56,24.85775,Bolus Prime/Bolus Boost Day 28
58,63,15.54921,Bolus Prime/Bolus Boost Day 28
58,77,9.038623,Bolus Prime/Bolus Boost Day 28
58,91,8.895191,Bolus Prime/Bolus Boost Day 28
59,7,0.1,Bolus Prime/Bolus Boost Day 28
59,14,0.4281409,Bolus Prime/Bolus Boost Day 28
59,21,0.4342065,Bolus Prime/Bolus Boost Day 28
59,28,0.1,Bolus Prime/Bolus Boost Day 28
59,35,23.44384,Bolus Prime/Bolus Boost Day 28
59,42,38.54752,Bolus Prime/Bolus Boost Day 28
59,49,49.27917,Bolus Prime/Bolus Boost Day 28
59,56,74.61265,Bolus Prime/Bolus Boost Day 28
59,63,58.76174,Bolus Prime/Bolus Boost Day 28
59,77,37.35865,Bolus Prime/Bolus Boost Day 28
59,91,33.1739,Bolus Prime/Bolus Boost Day 28
60,7,0.4302263,Bolus Prime/Bolus Boost Day 28
60,14,1.319262,Bolus Prime/Bolus Boost Day 28
60,21,0.2927135,Bolus Prime/Bolus Boost Day 28
60,28,0.9390607,Bolus Prime/Bolus Boost Day 28
60,35,7.17716,Bolus Prime/Bolus Boost Day 28
60,42,9.680984,Bolus Prime/Bolus Boost Day 28
60,49,6.854576,Bolus Prime/Bolus Boost Day 28
60,56,13.93755,Bolus Prime/Bolus Boost Day 28
60,63,7.342007,Bolus Prime/Bolus Boost Day 28
60,77,5.744718,Bolus Prime/Bolus Boost Day 28
60,91,4.780294,Bolus Prime/Bolus Boost Day 28
61,7,0.1,2wk Exp-inc Prime/2wk Exp-inc Boost Day 28
61,14,28.79469,2wk Exp-inc Prime/2wk Exp-inc Boost Day 28
61,21,77.81121,2wk Exp-inc Prime/2wk Exp-inc Boost Day 28
61,28,39.35182,2wk Exp-inc Prime/2wk Exp-inc Boost Day 28
61,35,28.44055,2wk Exp-inc Prime/2wk Exp-inc Boost Day 28
61,42,474.6508,2wk Exp-inc Prime/2wk Exp-inc Boost Day 28
61,49,570.38,2wk Exp-inc Prime/2wk Exp-inc Boost Day 28
61,56,368.3689,2wk Exp-inc Prime/2wk Exp-inc Boost Day 28
62,7,2.680779,2wk Exp-inc Prime/2wk Exp-inc Boost Day 28
62,14,61.29676,2wk Exp-inc Prime/2wk Exp-inc Boost Day 28
62,21,162.8204,2wk Exp-inc Prime/2wk Exp-inc Boost Day 28
62,28,31.35241,2wk Exp-inc Prime/2wk Exp-inc Boost Day 28
62,35,29.74012,2wk Exp-inc Prime/2wk Exp-inc Boost Day 28
62,42,607.5157,2wk Exp-inc Prime/2wk Exp-inc Boost Day 28
62,49,450.4861,2wk Exp-inc Prime/2wk Exp-inc Boost Day 28
62,56,455.3108,2wk Exp-inc Prime/2wk Exp-inc Boost Day 28
63,7,0.1,2wk Exp-inc Prime/2wk Exp-inc Boost Day 28
63,14,304.7862,2wk Exp-inc Prime/2wk Exp-inc Boost Day 28
63,21,136.3982,2wk Exp-inc Prime/2wk Exp-inc Boost Day 28
63,28,56.03549,2wk Exp-inc Prime/2wk Exp-inc Boost Day 28
63,35,52.95003,2wk Exp-inc Prime/2wk Exp-inc Boost Day 28
63,42,1238.749,2wk Exp-inc Prime/2wk Exp-inc Boost Day 28
63,49,1036.818,2wk Exp-inc Prime/2wk Exp-inc Boost Day 28
63,56,715.6763,2wk Exp-inc Prime/2wk Exp-inc Boost Day 28
64,7,0.1,2wk Exp-inc Prime/2wk Exp-inc Boost Day 28
64,14,46.05027,2wk Exp-inc Prime/2wk Exp-inc Boost Day 28
64,21,100.8399,2wk Exp-inc Prime/2wk Exp-inc Boost Day 28
64,28,38.72969,2wk Exp-inc Prime/2wk Exp-inc Boost Day 28
64,35,41.20255,2wk Exp-inc Prime/2wk Exp-inc Boost Day 28
64,42,537.5219,2wk Exp-inc Prime/2wk Exp-inc Boost Day 28
64,49,656.146,2wk Exp-inc Prime/2wk Exp-inc Boost Day 28
64,56,359.2228,2wk Exp-inc Prime/2wk Exp-inc Boost Day 28
65,7,0.1,2wk Exp-inc Prime/2wk Exp-inc Boost Day 28
65,14,73.98344,2wk Exp-inc Prime/2wk Exp-inc Boost Day 28
65,21,76.00111,2wk Exp-inc Prime/2wk Exp-inc Boost Day 28
65,28,31.74461,2wk Exp-inc Prime/2wk Exp-inc Boost Day 28
65,35,42.41388,2wk Exp-inc Prime/2wk Exp-inc Boost Day 28
65,42,607.9431,2wk Exp-inc Prime/2wk Exp-inc Boost Day 28
65,49,464.9641,2wk Exp-inc Prime/2wk Exp-inc Boost Day 28
65,56,411.0151,2wk Exp-inc Prime/2wk Exp-inc Boost Day 28
66,7,4.777283,2wk Exp-inc Prime/Bolus Boost Day 28
66,14,188.7816,2wk Exp-inc Prime/Bolus Boost Day 28
66,21,90.02423,2wk Exp-inc Prime/Bolus Boost Day 28
66,28,63.76992,2wk Exp-inc Prime/Bolus Boost Day 28
66,35,253.5651,2wk Exp-inc Prime/Bolus Boost Day 28
66,42,343.3736,2wk Exp-inc Prime/Bolus Boost Day 28
66,49,172.285,2wk Exp-inc Prime/Bolus Boost Day 28
66,56,371.4219,2wk Exp-inc Prime/Bolus Boost Day 28
67,7,14.45811,2wk Exp-inc Prime/Bolus Boost Day 28
67,14,70.73802,2wk Exp-inc Prime/Bolus Boost Day 28
67,21,92.14639,2wk Exp-inc Prime/Bolus Boost Day 28
67,28,34.38642,2wk Exp-inc Prime/Bolus Boost Day 28
67,35,199.2573,2wk Exp-inc Prime/Bolus Boost Day 28
67,42,163.9377,2wk Exp-inc Prime/Bolus Boost Day 28
67,49,325.2885,2wk Exp-inc Prime/Bolus Boost Day 28
67,56,109.6471,2wk Exp-inc Prime/Bolus Boost Day 28
68,7,0.124254,2wk Exp-inc Prime/Bolus Boost Day 28
68,14,93.53616,2wk Exp-inc Prime/Bolus Boost Day 28
68,21,40.03411,2wk Exp-inc Prime/Bolus Boost Day 28
68,28,58.97023,2wk Exp-inc Prime/Bolus Boost Day 28
68,35,248.5822,2wk Exp-inc Prime/Bolus Boost Day 28
68,42,180.5445,2wk Exp-inc Prime/Bolus Boost Day 28
68,49,155.4297,2wk Exp-inc Prime/Bolus Boost Day 28
68,56,173.989,2wk Exp-inc Prime/Bolus Boost Day 28
69,7,0.1,2wk Exp-inc Prime/Bolus Boost Day 28
69,14,94.59493,2wk Exp-inc Prime/Bolus Boost Day 28
69,21,12.56625,2wk Exp-inc Prime/Bolus Boost Day 28
69,28,33.7765,2wk Exp-inc Prime/Bolus Boost Day 28
69,35,403.6712,2wk Exp-inc Prime/Bolus Boost Day 28
69,42,312.3097,2wk Exp-inc Prime/Bolus Boost Day 28
69,49,146.5306,2wk Exp-inc Prime/Bolus Boost Day 28
69,56,322.5318,2wk Exp-inc Prime/Bolus Boost Day 28
70,7,0.916034,2wk Exp-inc Prime/Bolus Boost Day 28
70,14,77.58456,2wk Exp-inc Prime/Bolus Boost Day 28
70,21,16.327,2wk Exp-inc Prime/Bolus Boost Day 28
70,28,64.39606,2wk Exp-inc Prime/Bolus Boost Day 28
70,35,245.4128,2wk Exp-inc Prime/Bolus Boost Day 28
70,42,212.7937,2wk Exp-inc Prime/Bolus Boost Day 28
70,49,344.1155,2wk Exp-inc Prime/Bolus Boost Day 28
70,56,186.4037,2wk Exp-inc Prime/Bolus Boost Day 28
71,7,6.804521,Bolus Prime/2wk Exp-inc Boost Day 28
71,14,17.45782,Bolus Prime/2wk Exp-inc Boost Day 28
71,21,17.82315,Bolus Prime/2wk Exp-inc Boost Day 28
71,28,54.96464,Bolus Prime/2wk Exp-inc Boost Day 28
71,35,55.23149,Bolus Prime/2wk Exp-inc Boost Day 28
71,42,162.7522,Bolus Prime/2wk Exp-inc Boost Day 28
71,49,286.3189,Bolus Prime/2wk Exp-inc Boost Day 28
71,56,219.6136,Bolus Prime/2wk Exp-inc Boost Day 28
72,7,3.564354,Bolus Prime/2wk Exp-inc Boost Day 28
72,14,13.60558,Bolus Prime/2wk Exp-inc Boost Day 28
72,21,20.00962,Bolus Prime/2wk Exp-inc Boost Day 28
72,28,6.037785,Bolus Prime/2wk Exp-inc Boost Day 28
72,35,5.627005,Bolus Prime/2wk Exp-inc Boost Day 28
72,42,153.2137,Bolus Prime/2wk Exp-inc Boost Day 28
72,49,84.10667,Bolus Prime/2wk Exp-inc Boost Day 28
72,56,136.8963,Bolus Prime/2wk Exp-inc Boost Day 28
73,7,1.046303,Bolus Prime/2wk Exp-inc Boost Day 28
73,14,21.91613,Bolus Prime/2wk Exp-inc Boost Day 28
73,21,12.80836,Bolus Prime/2wk Exp-inc Boost Day 28
73,28,7.192798,Bolus Prime/2wk Exp-inc Boost Day 28
73,35,10.03311,Bolus Prime/2wk Exp-inc Boost Day 28
73,42,84.60548,Bolus Prime/2wk Exp-inc Boost Day 28
73,49,165.6495,Bolus Prime/2wk Exp-inc Boost Day 28
73,56,117.3217,Bolus Prime/2wk Exp-inc Boost Day 28
74,7,4.578537,Bolus Prime/2wk Exp-inc Boost Day 28
74,14,35.09439,Bolus Prime/2wk Exp-inc Boost Day 28
74,21,11.95703,Bolus Prime/2wk Exp-inc Boost Day 28
74,28,9.554059,Bolus Prime/2wk Exp-inc Boost Day 28
74,35,7.304775,Bolus Prime/2wk Exp-inc Boost Day 28
74,42,62.13013,Bolus Prime/2wk Exp-inc Boost Day 28
74,49,171.4763,Bolus Prime/2wk Exp-inc Boost Day 28
74,56,58.17552,Bolus Prime/2wk Exp-inc Boost Day 28
75,7,5.076205,Bolus Prime/2wk Exp-inc Boost Day 28
75,14,6.245463,Bolus Prime/2wk Exp-inc Boost Day 28
75,21,15.41462,Bolus Prime/2wk Exp-inc Boost Day 28
75,28,14.47545,Bolus Prime/2wk Exp-inc Boost Day 28
75,35,19.55552,Bolus Prime/2wk Exp-inc Boost Day 28
75,42,31.99637,Bolus Prime/2wk Exp-inc Boost Day 28
75,49,279.0979,Bolus Prime/2wk Exp-inc Boost Day 28
75,56,243.1571,Bolus Prime/2wk Exp-inc Boost Day 28
76,7,1.770895,Bolus Prime/Bolus Boost Day 28
76,14,8.227805,Bolus Prime/Bolus Boost Day 28
76,21,42.21231,Bolus Prime/Bolus Boost Day 28
76,28,4.080253,Bolus Prime/Bolus Boost Day 28
76,35,41.26534,Bolus Prime/Bolus Boost Day 28
76,42,50.27418,Bolus Prime/Bolus Boost Day 28
76,49,61.08644,Bolus Prime/Bolus Boost Day 28
76,56,39.39009,Bolus Prime/Bolus Boost Day 28
77,7,3.147854,Bolus Prime/Bolus Boost Day 28
77,14,19.21601,Bolus Prime/Bolus Boost Day 28
77,21,16.99889,Bolus Prime/Bolus Boost Day 28
77,28,3.752656,Bolus Prime/Bolus Boost Day 28
77,35,46.57581,Bolus Prime/Bolus Boost Day 28
77,42,51.82594,Bolus Prime/Bolus Boost Day 28
77,49,129.625,Bolus Prime/Bolus Boost Day 28
77,56,42.60504,Bolus Prime/Bolus Boost Day 28
78,7,4.232734,Bolus Prime/Bolus Boost Day 28
78,14,40.56384,Bolus Prime/Bolus Boost Day 28
78,21,0.1,Bolus Prime/Bolus Boost Day 28
78,28,6.479828,Bolus Prime/Bolus Boost Day 28
78,35,135.2218,Bolus Prime/Bolus Boost Day 28
78,42,140.2953,Bolus Prime/Bolus Boost Day 28
78,49,146.6287,Bolus Prime/Bolus Boost Day 28
78,56,93.34428,Bolus Prime/Bolus Boost Day 28
79,7,9.253855,Bolus Prime/Bolus Boost Day 28
79,14,15.70716,Bolus Prime/Bolus Boost Day 28
79,21,1.768363,Bolus Prime/Bolus Boost Day 28
79,28,25.78664,Bolus Prime/Bolus Boost Day 28
79,35,136.5124,Bolus Prime/Bolus Boost Day 28
79,42,135.1518,Bolus Prime/Bolus Boost Day 28
79,49,53.5628,Bolus Prime/Bolus Boost Day 28
79,56,93.93203,Bolus Prime/Bolus Boost Day 28
80,7,2.645193,Bolus Prime/Bolus Boost Day 28
80,14,0.1,Bolus Prime/Bolus Boost Day 28
80,21,0.1,Bolus Prime/Bolus Boost Day 28
80,28,5.811564,Bolus Prime/Bolus Boost Day 28
80,35,66.3285,Bolus Prime/Bolus Boost Day 28
80,42,90.40627,Bolus Prime/Bolus Boost Day 28
80,49,45.68603,Bolus Prime/Bolus Boost Day 28
80,56,55.22795,Bolus Prime/Bolus Boost Day 28
81,8,0.475,Bolus Prime/Bolus Boost Day 35
81,15,0.71,Bolus Prime/Bolus Boost Day 35
81,22,0.606,Bolus Prime/Bolus Boost Day 35
81,29,0.074,Bolus Prime/Bolus Boost Day 35
81,36,0.25,Bolus Prime/Bolus Boost Day 35
81,43,46.519,Bolus Prime/Bolus Boost Day 35
81,50,21.88,Bolus Prime/Bolus Boost Day 35
81,72,0.1,Bolus Prime/Bolus Boost Day 35
81,80,1.496,Bolus Prime/Bolus Boost Day 35
82,8,0.935,Bolus Prime/Bolus Boost Day 35
82,15,0.61,Bolus Prime/Bolus Boost Day 35
82,22,0.526,Bolus Prime/Bolus Boost Day 35
82,29,0.024,Bolus Prime/Bolus Boost Day 35
82,36,0.42,Bolus Prime/Bolus Boost Day 35
82,43,5.219,Bolus Prime/Bolus Boost Day 35
82,50,12.67,Bolus Prime/Bolus Boost Day 35
82,72,1.257,Bolus Prime/Bolus Boost Day 35
82,80,3.266,Bolus Prime/Bolus Boost Day 35
83,8,1.635,Bolus Prime/Bolus Boost Day 35
83,15,0.96,Bolus Prime/Bolus Boost Day 35
83,22,0.986,Bolus Prime/Bolus Boost Day 35
83,29,0.354,Bolus Prime/Bolus Boost Day 35
83,36,0.48,Bolus Prime/Bolus Boost Day 35
83,43,2.759,Bolus Prime/Bolus Boost Day 35
83,50,5.6,Bolus Prime/Bolus Boost Day 35
83,72,2.127,Bolus Prime/Bolus Boost Day 35
83,80,6.796,Bolus Prime/Bolus Boost Day 35
84,8,1.905,Bolus Prime/Bolus Boost Day 35
84,15,1.95,Bolus Prime/Bolus Boost Day 35
84,22,2.466,Bolus Prime/Bolus Boost Day 35
84,29,2.544,Bolus Prime/Bolus Boost Day 35
84,36,3.34,Bolus Prime/Bolus Boost Day 35
84,43,30.789,Bolus Prime/Bolus Boost Day 35
84,50,50.67,Bolus Prime/Bolus Boost Day 35
84,72,12.067,Bolus Prime/Bolus Boost Day 35
84,80,33.056,Bolus Prime/Bolus Boost Day 35
85,8,1.745,Bolus Prime/Bolus Boost Day 35
85,15,1.86,Bolus Prime/Bolus Boost Day 35
85,22,1.416,Bolus Prime/Bolus Boost Day 35
85,29,0.944,Bolus Prime/Bolus Boost Day 35
85,36,0.96,Bolus Prime/Bolus Boost Day 35
85,43,9.559,Bolus Prime/Bolus Boost Day 35
85,50,8.38,Bolus Prime/Bolus Boost Day 35
85,72,1.507,Bolus Prime/Bolus Boost Day 35
85,80,2.466,Bolus Prime/Bolus Boost Day 35
86,8,0.025,Bolus Prime/Bolus Boost Day 35
86,15,0.46,Bolus Prime/Bolus Boost Day 35
86,22,0.156,Bolus Prime/Bolus Boost Day 35
86,29,0.724,Bolus Prime/Bolus Boost Day 35
86,36,0.42,Bolus Prime/Bolus Boost Day 35
86,43,64.919,Bolus Prime/Bolus Boost Day 35
86,50,32.81,Bolus Prime/Bolus Boost Day 35
86,72,9.327,Bolus Prime/Bolus Boost Day 35
86,80,3.516,Bolus Prime/Bolus Boost Day 35
87,8,0.115,Bolus Prime/Bolus Boost Day 35
87,15,0.27,Bolus Prime/Bolus Boost Day 35
87,22,0.156,Bolus Prime/Bolus Boost Day 35
87,29,1.014,Bolus Prime/Bolus Boost Day 35
87,36,0.59,Bolus Prime/Bolus Boost Day 35
87,43,10.019,Bolus Prime/Bolus Boost Day 35
87,50,27.15,Bolus Prime/Bolus Boost Day 35
87,72,23.437,Bolus Prime/Bolus Boost Day 35
87,80,6.966,Bolus Prime/Bolus Boost Day 35
88,8,0.245,Bolus Prime/Bolus Boost Day 35
88,15,0.34,Bolus Prime/Bolus Boost Day 35
88,22,0.396,Bolus Prime/Bolus Boost Day 35
88,29,1.414,Bolus Prime/Bolus Boost Day 35
88,36,1.05,Bolus Prime/Bolus Boost Day 35
88,43,4.889,Bolus Prime/Bolus Boost Day 35
88,50,9.24,Bolus Prime/Bolus Boost Day 35
88,72,29.517,Bolus Prime/Bolus Boost Day 35
88,80,17.246,Bolus Prime/Bolus Boost Day 35
89,8,0.375,Bolus Prime/Bolus Boost Day 35
89,15,1.18,Bolus Prime/Bolus Boost Day 35
89,22,1.376,Bolus Prime/Bolus Boost Day 35
89,29,5.104,Bolus Prime/Bolus Boost Day 35
89,36,3.54,Bolus Prime/Bolus Boost Day 35
89,43,44.069,Bolus Prime/Bolus Boost Day 35
89,50,70.49,Bolus Prime/Bolus Boost Day 35
89,72,323.517,Bolus Prime/Bolus Boost Day 35
89,80,142.586,Bolus Prime/Bolus Boost Day 35
90,8,0.265,Bolus Prime/Bolus Boost Day 35
90,15,1.42,Bolus Prime/Bolus Boost Day 35
90,22,0.436,Bolus Prime/Bolus Boost Day 35
90,29,2.194,Bolus Prime/Bolus Boost Day 35
90,36,1.5,Bolus Prime/Bolus Boost Day 35
90,43,13.979,Bolus Prime/Bolus Boost Day 35
90,50,9.68,Bolus Prime/Bolus Boost Day 35
90,72,23.477,Bolus Prime/Bolus Boost Day 35
90,80,16.426,Bolus Prime/Bolus Boost Day 35
91,8,0.1,2wk Exp-inc Prime/Bolus Boost Day 35
91,15,0.64,2wk Exp-inc Prime/Bolus Boost Day 35
91,22,2.966,2wk Exp-inc Prime/Bolus Boost Day 35
91,29,5.754,2wk Exp-inc Prime/Bolus Boost Day 35
91,36,1.68,2wk Exp-inc Prime/Bolus Boost Day 35
91,43,141.269,2wk Exp-inc Prime/Bolus Boost Day 35
91,50,121.82,2wk Exp-inc Prime/Bolus Boost Day 35
91,72,298.687,2wk Exp-inc Prime/Bolus Boost Day 35
91,80,31.266,2wk Exp-inc Prime/Bolus Boost Day 35
92,8,0.1,2wk Exp-inc Prime/Bolus Boost Day 35
92,15,1.6,2wk Exp-inc Prime/Bolus Boost Day 35
92,22,1.616,2wk Exp-inc Prime/Bolus Boost Day 35
92,29,2.324,2wk Exp-inc Prime/Bolus Boost Day 35
92,36,2.9,2wk Exp-inc Prime/Bolus Boost Day 35
92,43,181.539,2wk Exp-inc Prime/Bolus Boost Day 35
92,50,305.22,2wk Exp-inc Prime/Bolus Boost Day 35
92,72,40.947,2wk Exp-inc Prime/Bolus Boost Day 35
92,80,95.686,2wk Exp-inc Prime/Bolus Boost Day 35
93,8,0.1,2wk Exp-inc Prime/Bolus Boost Day 35
93,15,2.5,2wk Exp-inc Prime/Bolus Boost Day 35
93,22,11.236,2wk Exp-inc Prime/Bolus Boost Day 35
93,29,25.934,2wk Exp-inc Prime/Bolus Boost Day 35
93,36,5.72,2wk Exp-inc Prime/Bolus Boost Day 35
93,43,179.819,2wk Exp-inc Prime/Bolus Boost Day 35
93,50,616.73,2wk Exp-inc Prime/Bolus Boost Day 35
93,72,31.687,2wk Exp-inc Prime/Bolus Boost Day 35
93,80,73.156,2wk Exp-inc Prime/Bolus Boost Day 35
94,8,0.1,2wk Exp-inc Prime/Bolus Boost Day 35
94,15,1.82,2wk Exp-inc Prime/Bolus Boost Day 35
94,22,6.596,2wk Exp-inc Prime/Bolus Boost Day 35
94,29,54.314,2wk Exp-inc Prime/Bolus Boost Day 35
94,36,9.23,2wk Exp-inc Prime/Bolus Boost Day 35
94,43,298.569,2wk Exp-inc Prime/Bolus Boost Day 35
94,50,974.83,2wk Exp-inc Prime/Bolus Boost Day 35
94,72,7.047,2wk Exp-inc Prime/Bolus Boost Day 35
94,80,12.896,2wk Exp-inc Prime/Bolus Boost Day 35
95,8,0.1,2wk Exp-inc Prime/Bolus Boost Day 35
95,15,0.75,2wk Exp-inc Prime/Bolus Boost Day 35
95,22,1.436,2wk Exp-inc Prime/Bolus Boost Day 35
95,29,1.284,2wk Exp-inc Prime/Bolus Boost Day 35
95,36,1.2,2wk Exp-inc Prime/Bolus Boost Day 35
95,43,12.639,2wk Exp-inc Prime/Bolus Boost Day 35
95,50,42.67,2wk Exp-inc Prime/Bolus Boost Day 35
95,72,113.727,2wk Exp-inc Prime/Bolus Boost Day 35
95,80,3.446,2wk Exp-inc Prime/Bolus Boost Day 35
96,8,0.1,2wk Exp-inc Prime/Bolus Boost Day 35
96,15,0.54,2wk Exp-inc Prime/Bolus Boost Day 35
96,22,3.436,2wk Exp-inc Prime/Bolus Boost Day 35
96,29,9.224,2wk Exp-inc Prime/Bolus Boost Day 35
96,36,2.07,2wk Exp-inc Prime/Bolus Boost Day 35
96,43,184.399,2wk Exp-inc Prime/Bolus Boost Day 35
96,50,190.33,2wk Exp-inc Prime/Bolus Boost Day 35
96,72,1110.837,2wk Exp-inc Prime/Bolus Boost Day 35
96,80,71.516,2wk Exp-inc Prime/Bolus Boost Day 35
97,8,0.1,2wk Exp-inc Prime/Bolus Boost Day 35
97,15,1.08,2wk Exp-inc Prime/Bolus Boost Day 35
97,22,1.006,2wk Exp-inc Prime/Bolus Boost Day 35
97,29,3.394,2wk Exp-inc Prime/Bolus Boost Day 35
97,36,1.84,2wk Exp-inc Prime/Bolus Boost Day 35
97,43,257.639,2wk Exp-inc Prime/Bolus Boost Day 35
97,50,475.15,2wk Exp-inc Prime/Bolus Boost Day 35
97,72,222.267,2wk Exp-inc Prime/Bolus Boost Day 35
97,80,365.496,2wk Exp-inc Prime/Bolus Boost Day 35
98,8,0.1,2wk Exp-inc Prime/Bolus Boost Day 35
98,15,2.12,2wk Exp-inc Prime/Bolus Boost Day 35
98,22,8.746,2wk Exp-inc Prime/Bolus Boost Day 35
98,29,47.494,2wk Exp-inc Prime/Bolus Boost Day 35
98,36,6.62,2wk Exp-inc Prime/Bolus Boost Day 35
98,43,321.339,2wk Exp-inc Prime/Bolus Boost Day 35
98,50,1844.68,2wk Exp-inc Prime/Bolus Boost Day 35
98,72,167.477,2wk Exp-inc Prime/Bolus Boost Day 35
98,80,361.276,2wk Exp-inc Prime/Bolus Boost Day 35
99,8,0.1,2wk Exp-inc Prime/Bolus Boost Day 35
99,15,1.32,2wk Exp-inc Prime/Bolus Boost Day 35
99,22,4.216,2wk Exp-inc Prime/Bolus Boost Day 35
99,29,102.004,2wk Exp-inc Prime/Bolus Boost Day 35
99,36,12.57,2wk Exp-inc Prime/Bolus Boost Day 35
99,43,571.929,2wk Exp-inc Prime/Bolus Boost Day 35
99,50,3620.31,2wk Exp-inc Prime/Bolus Boost Day 35
99,72,35.197,2wk Exp-inc Prime/Bolus Boost Day 35
99,80,53.496,2wk Exp-inc Prime/Bolus Boost Day 35
100,8,0.1,2wk Exp-inc Prime/Bolus Boost Day 35
100,15,0.45,2wk Exp-inc Prime/Bolus Boost Day 35
100,22,0.826,2wk Exp-inc Prime/Bolus Boost Day 35
100,29,2.484,2wk Exp-inc Prime/Bolus Boost Day 35
100,36,2.07,2wk Exp-inc Prime/Bolus Boost Day 35
100,43,22.219,2wk Exp-inc Prime/Bolus Boost Day 35
100,50,118.52,2wk Exp-inc Prime/Bolus Boost Day 35
100,72,458.897,2wk Exp-inc Prime/Bolus Boost Day 35
100,80,13.746,2wk Exp-inc Prime/Bolus Boost Day 35
101,8,0.1,3wk Exp-inc Prime/Bolus Boost Day 35
101,15,0.26,3wk Exp-inc Prime/Bolus Boost Day 35
101,22,1.026,3wk Exp-inc Prime/Bolus Boost Day 35
101,29,1.904,3wk Exp-inc Prime/Bolus Boost Day 35
101,36,1.07,3wk Exp-inc Prime/Bolus Boost Day 35
101,43,4.029,3wk Exp-inc Prime/Bolus Boost Day 35
101,50,24.3,3wk Exp-inc Prime/Bolus Boost Day 35
101,72,180.997,3wk Exp-inc Prime/Bolus Boost Day 35
101,80,63.176,3wk Exp-inc Prime/Bolus Boost Day 35
102,8,0.105,3wk Exp-inc Prime/Bolus Boost Day 35
102,15,0.37,3wk Exp-inc Prime/Bolus Boost Day 35
102,22,4.546,3wk Exp-inc Prime/Bolus Boost Day 35
102,29,2.764,3wk Exp-inc Prime/Bolus Boost Day 35
102,36,4.32,3wk Exp-inc Prime/Bolus Boost Day 35
102,43,14.239,3wk Exp-inc Prime/Bolus Boost Day 35
102,50,115.71,3wk Exp-inc Prime/Bolus Boost Day 35
102,72,50.867,3wk Exp-inc Prime/Bolus Boost Day 35
102,80,26.056,3wk Exp-inc Prime/Bolus Boost Day 35
103,8,0.275,3wk Exp-inc Prime/Bolus Boost Day 35
103,15,1.49,3wk Exp-inc Prime/Bolus Boost Day 35
103,22,2.126,3wk Exp-inc Prime/Bolus Boost Day 35
103,29,3.574,3wk Exp-inc Prime/Bolus Boost Day 35
103,36,9.06,3wk Exp-inc Prime/Bolus Boost Day 35
103,43,50.609,3wk Exp-inc Prime/Bolus Boost Day 35
103,50,77.93,3wk Exp-inc Prime/Bolus Boost Day 35
103,72,10.587,3wk Exp-inc Prime/Bolus Boost Day 35
103,80,4.676,3wk Exp-inc Prime/Bolus Boost Day 35
104,8,0.555,3wk Exp-inc Prime/Bolus Boost Day 35
104,15,1.19,3wk Exp-inc Prime/Bolus Boost Day 35
104,22,8.236,3wk Exp-inc Prime/Bolus Boost Day 35
104,29,37.424,3wk Exp-inc Prime/Bolus Boost Day 35
104,36,21,3wk Exp-inc Prime/Bolus Boost Day 35
104,43,35.999,3wk Exp-inc Prime/Bolus Boost Day 35
104,50,36.62,3wk Exp-inc Prime/Bolus Boost Day 35
104,72,23.577,3wk Exp-inc Prime/Bolus Boost Day 35
104,80,5.276,3wk Exp-inc Prime/Bolus Boost Day 35
105,8,-,3wk Exp-inc Prime/Bolus Boost Day 35
105,15,-,3wk Exp-inc Prime/Bolus Boost Day 35
105,22,-,3wk Exp-inc Prime/Bolus Boost Day 35
105,29,-,3wk Exp-inc Prime/Bolus Boost Day 35
105,36,-,3wk Exp-inc Prime/Bolus Boost Day 35
105,43,-,3wk Exp-inc Prime/Bolus Boost Day 35
105,50,-,3wk Exp-inc Prime/Bolus Boost Day 35
105,72,-,3wk Exp-inc Prime/Bolus Boost Day 35
105,80,-,3wk Exp-inc Prime/Bolus Boost Day 35
106,8,0.1,3wk Exp-inc Prime/Bolus Boost Day 35
106,15,0.06,3wk Exp-inc Prime/Bolus Boost Day 35
106,22,0.656,3wk Exp-inc Prime/Bolus Boost Day 35
106,29,3.024,3wk Exp-inc Prime/Bolus Boost Day 35
106,36,1.86,3wk Exp-inc Prime/Bolus Boost Day 35
106,43,8.269,3wk Exp-inc Prime/Bolus Boost Day 35
106,50,46.37,3wk Exp-inc Prime/Bolus Boost Day 35
106,72,692.977,3wk Exp-inc Prime/Bolus Boost Day 35
106,80,233.706,3wk Exp-inc Prime/Bolus Boost Day 35
107,8,0.1,3wk Exp-inc Prime/Bolus Boost Day 35
107,15,0.03,3wk Exp-inc Prime/Bolus Boost Day 35
107,22,5.136,3wk Exp-inc Prime/Bolus Boost Day 35
107,29,5.564,3wk Exp-inc Prime/Bolus Boost Day 35
107,36,5.99,3wk Exp-inc Prime/Bolus Boost Day 35
107,43,27.239,3wk Exp-inc Prime/Bolus Boost Day 35
107,50,440.73,3wk Exp-inc Prime/Bolus Boost Day 35
107,72,156.587,3wk Exp-inc Prime/Bolus Boost Day 35
107,80,93.816,3wk Exp-inc Prime/Bolus Boost Day 35
108,8,0.1,3wk Exp-inc Prime/Bolus Boost Day 35
108,15,0.71,3wk Exp-inc Prime/Bolus Boost Day 35
108,22,1.706,3wk Exp-inc Prime/Bolus Boost Day 35
108,29,5.744,3wk Exp-inc Prime/Bolus Boost Day 35
108,36,12.31,3wk Exp-inc Prime/Bolus Boost Day 35
108,43,98.829,3wk Exp-inc Prime/Bolus Boost Day 35
108,50,300.73,3wk Exp-inc Prime/Bolus Boost Day 35
108,72,35.997,3wk Exp-inc Prime/Bolus Boost Day 35
108,80,25.446,3wk Exp-inc Prime/Bolus Boost Day 35
109,8,0.255,3wk Exp-inc Prime/Bolus Boost Day 35
109,15,0.63,3wk Exp-inc Prime/Bolus Boost Day 35
109,22,4.806,3wk Exp-inc Prime/Bolus Boost Day 35
109,29,46.884,3wk Exp-inc Prime/Bolus Boost Day 35
109,36,37.29,3wk Exp-inc Prime/Bolus Boost Day 35
109,43,170.429,3wk Exp-inc Prime/Bolus Boost Day 35
109,50,108.14,3wk Exp-inc Prime/Bolus Boost Day 35
109,72,104.457,3wk Exp-inc Prime/Bolus Boost Day 35
109,80,46.316,3wk Exp-inc Prime/Bolus Boost Day 35